{"frames": {

"bido-back-walk.000":
{
	"frame": {"x":97,"y":1,"w":32,"h":41},
	"rotated": false,
	"trimmed": true,
	"spriteSourceSize": {"x":0,"y":23,"w":32,"h":41},
	"sourceSize": {"w":32,"h":64}
},
"bido-back-walk.001":
{
	"frame": {"x":97,"y":44,"w":32,"h":41},
	"rotated": false,
	"trimmed": true,
	"spriteSourceSize": {"x":0,"y":23,"w":32,"h":41},
	"sourceSize": {"w":32,"h":64}
},
"bido-back-walk.002":
{
	"frame": {"x":131,"y":1,"w":32,"h":41},
	"rotated": false,
	"trimmed": true,
	"spriteSourceSize": {"x":0,"y":23,"w":32,"h":41},
	"sourceSize": {"w":32,"h":64}
},
"bido-back-walk.003":
{
	"frame": {"x":97,"y":44,"w":32,"h":41},
	"rotated": false,
	"trimmed": true,
	"spriteSourceSize": {"x":0,"y":23,"w":32,"h":41},
	"sourceSize": {"w":32,"h":64}
},
"bido-back":
{
	"frame": {"x":97,"y":44,"w":32,"h":41},
	"rotated": false,
	"trimmed": true,
	"spriteSourceSize": {"x":0,"y":23,"w":32,"h":41},
	"sourceSize": {"w":32,"h":64}
},
"bido-front-walk.000":
{
	"frame": {"x":1,"y":1,"w":30,"h":43},
	"rotated": false,
	"trimmed": true,
	"spriteSourceSize": {"x":1,"y":21,"w":30,"h":43},
	"sourceSize": {"w":32,"h":64}
},
"bido-front-walk.001":
{
	"frame": {"x":33,"y":1,"w":30,"h":43},
	"rotated": false,
	"trimmed": true,
	"spriteSourceSize": {"x":1,"y":21,"w":30,"h":43},
	"sourceSize": {"w":32,"h":64}
},
"bido-front-walk.002":
{
	"frame": {"x":65,"y":1,"w":30,"h":43},
	"rotated": false,
	"trimmed": true,
	"spriteSourceSize": {"x":1,"y":21,"w":30,"h":43},
	"sourceSize": {"w":32,"h":64}
},
"bido-front-walk.003":
{
	"frame": {"x":33,"y":1,"w":30,"h":43},
	"rotated": false,
	"trimmed": true,
	"spriteSourceSize": {"x":1,"y":21,"w":30,"h":43},
	"sourceSize": {"w":32,"h":64}
},
"bido-front":
{
	"frame": {"x":33,"y":1,"w":30,"h":43},
	"rotated": false,
	"trimmed": true,
	"spriteSourceSize": {"x":1,"y":21,"w":30,"h":43},
	"sourceSize": {"w":32,"h":64}
},
"bido-left-walk.000":
{
	"frame": {"x":1,"y":46,"w":30,"h":39},
	"rotated": false,
	"trimmed": true,
	"spriteSourceSize": {"x":1,"y":25,"w":30,"h":39},
	"sourceSize": {"w":32,"h":64}
},
"bido-left-walk.001":
{
	"frame": {"x":131,"y":44,"w":30,"h":41},
	"rotated": false,
	"trimmed": true,
	"spriteSourceSize": {"x":1,"y":23,"w":30,"h":41},
	"sourceSize": {"w":32,"h":64}
},
"bido-left-walk.002":
{
	"frame": {"x":33,"y":46,"w":30,"h":39},
	"rotated": false,
	"trimmed": true,
	"spriteSourceSize": {"x":1,"y":25,"w":30,"h":39},
	"sourceSize": {"w":32,"h":64}
},
"bido-left-walk.003":
{
	"frame": {"x":131,"y":44,"w":30,"h":41},
	"rotated": false,
	"trimmed": true,
	"spriteSourceSize": {"x":1,"y":23,"w":30,"h":41},
	"sourceSize": {"w":32,"h":64}
},
"bido-left":
{
	"frame": {"x":131,"y":44,"w":30,"h":41},
	"rotated": false,
	"trimmed": true,
	"spriteSourceSize": {"x":1,"y":23,"w":30,"h":41},
	"sourceSize": {"w":32,"h":64}
},
"bido-right-walk.000":
{
	"frame": {"x":65,"y":46,"w":30,"h":39},
	"rotated": false,
	"trimmed": true,
	"spriteSourceSize": {"x":1,"y":25,"w":30,"h":39},
	"sourceSize": {"w":32,"h":64}
},
"bido-right-walk.001":
{
	"frame": {"x":163,"y":44,"w":30,"h":41},
	"rotated": false,
	"trimmed": true,
	"spriteSourceSize": {"x":1,"y":23,"w":30,"h":41},
	"sourceSize": {"w":32,"h":64}
},
"bido-right-walk.002":
{
	"frame": {"x":165,"y":1,"w":30,"h":39},
	"rotated": false,
	"trimmed": true,
	"spriteSourceSize": {"x":1,"y":25,"w":30,"h":39},
	"sourceSize": {"w":32,"h":64}
},
"bido-right-walk.003":
{
	"frame": {"x":163,"y":44,"w":30,"h":41},
	"rotated": false,
	"trimmed": true,
	"spriteSourceSize": {"x":1,"y":23,"w":30,"h":41},
	"sourceSize": {"w":32,"h":64}
},
"bido-right":
{
	"frame": {"x":163,"y":44,"w":30,"h":41},
	"rotated": false,
	"trimmed": true,
	"spriteSourceSize": {"x":1,"y":23,"w":30,"h":41},
	"sourceSize": {"w":32,"h":64}
}},
"meta": {
	"app": "http://www.codeandweb.com/texturepacker",
	"version": "1.0",
	"image": "atlas.png",
	"format": "RGBA8888",
	"size": {"w":196,"h":86},
	"scale": "1",
	"smartupdate": "$TexturePacker:SmartUpdate:153aa30e8e4e7c6fb0cfe9ff6ead8419:0bf85290c274470ae6499145fc94b88b:cbce6b53f0f49e0bf15173c25c41f876$"
}
}
